"umap1","umap2","concept","participant","category","segment","trial"
-0.394477627928022,0.534154210037115,"angry","p56","emotion/valence","s3","t45"
0.937446809957296,2.2233056744863,"angry","p62","emotion/valence","s7","t46"
2.56843115856188,0.254705081329638,"angry","p69","emotion/valence","s2","t59"
-0.157757736272092,-3.7853730129004,"angry","p56","emotion/valence","s1","t45"
-1.00349599250331,-0.316577506827725,"angry","p56","emotion/valence","s4","t45"
1.29254286253291,1.63826289713461,"angry","p62","emotion/valence","s4","t46"
0.904081951354853,3.26309109139419,"angry","p69","emotion/valence","s1","t59"
2.15493748768782,1.48131125372314,"angry","p62","emotion/valence","s2","t46"
-2.93869176376128,0.384602542465509,"angry","p62","emotion/valence","s6","t46"
0.33563171607126,3.29152912559242,"angry","p62","emotion/valence","s5","t46"
0.277173452695714,0.459113179774674,"angry","p56","emotion/valence","s6","t45"
1.74927309086578,-0.14897612679422,"angry","p80","emotion/valence","s3","t12"
-1.6667473824766,-0.994298051502947,"angry","p56","emotion/valence","s2","t45"
1.82974627198168,-0.0877631207462436,"angry","p80","emotion/valence","s8","t12"
2.18271207538696,1.46518398600056,"angry","p62","emotion/valence","s3","t46"
2.60949524663336,0.550855046997973,"angry","p29","emotion/valence","s1","t43"
1.77947959722038,1.18387988798807,"angry","p80","emotion/valence","s9","t12"
2.05557667193919,-0.0883059103787011,"angry","p80","emotion/valence","s7","t12"
-1.09454710517976,-1.11232842409717,"angry","p80","emotion/valence","s6","t12"
-0.625780367798595,-2.47292264957721,"angry","p80","emotion/valence","s1","t12"
-1.36016892126059,-2.12621231439483,"angry","p56","emotion/valence","s5","t45"
2.46740987112135,0.378991052175394,"angry","p43","emotion/valence","s2","t40"
0.168779372714566,-3.34006850458639,"angry","p56","emotion/valence","s7","t45"
-1.2133698569878,-0.561391606880179,"angry","p80","emotion/valence","s5","t12"
2.05998094713292,1.54028095830528,"angry","p62","emotion/valence","s1","t46"
-0.281053332446948,-2.24307115763424,"angry","p35","emotion/valence","s1","t5"
0.80751896207133,1.21347593688676,"angry","p80","emotion/valence","s2","t12"
-0.787456093123301,-0.149451918958246,"angry","p43","emotion/valence","s1","t40"
2.54627194680459,0.381585766323293,"angry","p43","emotion/valence","s3","t40"
1.77416167297719,-0.283448122957761,"angry","p80","emotion/valence","s4","t12"
0.687264628878743,1.26180452932373,"angry","p80","emotion/valence","s10","t12"
2.85481285180625,-1.50157194215461,"angry","p35","emotion/valence","s2","t5"
0.339258887434217,0.811144108761165,"angry","p56","emotion/valence","s8","t45"
2.65396528912346,-2.19768672644564,"angry","p14","emotion/valence","s1","t50"
2.89219781890006,-2.64997959629797,"ash","p2","thing/object","s1","t0"
2.70852312753065,-2.11400312442914,"ash","p14","thing/object","s1","t45"
2.63833541712427,-2.21399605583291,"ash","p14","thing/object","s2","t45"
1.7638888464045,1.3522417138658,"ash","p80","thing/object","s1","t2"
2.44005208826163,-0.982538113481123,"ash","p80","thing/object","s3","t2"
-0.225644747839064,-3.27972015872461,"ash","p80","thing/object","s8","t2"
1.36997513503196,2.2354256189725,"ash","p80","thing/object","s2","t2"
1.81255629647851,1.28295197031025,"ash","p80","thing/object","s4","t2"
-0.20397604245638,-1.54377104338096,"ash","p80","thing/object","s7","t2"
1.81236258011342,1.22483033553533,"ash","p80","thing/object","s9","t2"
-0.571417858200922,-1.47782884698485,"ash","p80","thing/object","s5","t2"
-0.195290278439685,-3.37874136417566,"ash","p80","thing/object","s6","t2"
2.60842898387461,-2.00850959231919,"ash","p14","thing/object","s3","t45"
2.67470784294677,-1.98990455496886,"ash","p14","thing/object","s4","t45"
-0.635647203301766,-0.0330051737885995,"bad","p76","emotion/valence","s6","t21"
-0.265786284424168,2.84671201726546,"bad","p46","emotion/valence","s8","t55"
0.310213695380435,2.88014866732228,"bad","p59","emotion/valence","s1","t25"
-0.538284417811314,0.11781649164914,"bad","p76","emotion/valence","s7","t21"
-0.608792096379468,-3.43230867980462,"bad","p76","emotion/valence","s5","t21"
-0.214234013863367,2.69640822498147,"bad","p46","emotion/valence","s2","t55"
2.29080840684725,1.35062696526503,"bad","p15","emotion/valence","s1","t8"
-0.493900073515921,-3.17984172344124,"bad","p76","emotion/valence","s4","t21"
2.69444946697826,0.291218036464287,"bad","p69","emotion/valence","s1","t44"
0.868025255677738,1.42657069605285,"bad","p76","emotion/valence","s2","t21"
-0.265326501653205,2.73666236390173,"bad","p46","emotion/valence","s6","t55"
-0.529770582090666,-1.79263776863355,"bad","p76","emotion/valence","s3","t21"
1.03818067861673,1.09698215324626,"bad","p46","emotion/valence","s1","t55"
-0.535880127130685,-0.257217427937888,"bad","p76","emotion/valence","s1","t21"
-0.986752482751252,-3.20675944816186,"bad","p46","emotion/valence","s7","t55"
0.588461797901906,0.660997528943348,"bad","p76","emotion/valence","s8","t21"
0.916521824896795,2.83070629456046,"bad","p24","emotion/valence","s1","t43"
-1.57332944108387,-1.0883959271032,"bad","p32","emotion/valence","s1","t19"
0.896601873400138,0.676043390815157,"bad","p59","emotion/valence","s3","t25"
1.94668942068146,-0.209145025892952,"bad","p76","emotion/valence","s9","t21"
-0.0346443891020773,2.62655085683564,"bad","p46","emotion/valence","s9","t55"
0.618381405485586,2.79773070199302,"bad","p59","emotion/valence","s2","t25"
-0.295709214181632,2.79930974623709,"bad","p46","emotion/valence","s5","t55"
2.20478637864217,-0.037765859366578,"bad","p32","emotion/valence","s2","t19"
-0.365990785072406,2.7743273817473,"bad","p46","emotion/valence","s3","t55"
0.580711716497339,1.46777777854821,"bad","p46","emotion/valence","s4","t55"
0.75839905195149,-3.49772314817112,"bird","p10","animal","s3","t27"
0.94887963197665,2.12559273839179,"bird","p26","animal","s8","t52"
-2.39580320412945,0.237425442296958,"bird","p40","animal","s18","t35"
-1.98286174152941,1.89354318252342,"bird","p40","animal","s19","t35"
2.82246647587172,-0.726682677958225,"bird","p10","animal","s4","t27"
0.521667944599359,-3.11575367980514,"bird","p40","animal","s7","t35"
-0.283420467081292,-2.83259900310459,"bird","p10","animal","s1","t27"
-2.09450568033567,1.8832351035406,"bird","p40","animal","s2","t35"
0.214984979786691,-3.08887865220057,"bird","p26","animal","s7","t52"
1.26753500339628,-3.14682880346255,"bird","p5","animal","s2","t25"
-0.609430131752537,-2.81721430461058,"bird","p40","animal","s1","t35"
-2.50701217219987,0.0809652652000334,"bird","p40","animal","s5","t35"
0.960869692400032,2.28172852878199,"bird","p26","animal","s6","t52"
0.329380894489455,-3.30086394747065,"bird","p26","animal","s3","t52"
1.15842836734292,1.98972311278194,"bird","p26","animal","s4","t52"
3.04257410691318,-0.200736900206562,"bird","p10","animal","s2","t27"
-2.07356779065816,-0.206802059672894,"bird","p26","animal","s2","t52"
1.99897637504389,-2.44224366542387,"bird","p5","animal","s17","t25"
2.03725182553255,-2.81614649775128,"bird","p31","animal","s1","t43"
-2.36331089347205,4.46916791235174,"bird","p40","animal","s17","t35"
0.90176248687226,-3.54796605517294,"bird","p5","animal","s16","t25"
-1.81870538174609,2.03949757885062,"bird","p40","animal","s4","t35"
2.28697283894863,-2.83879501471342,"bird","p31","animal","s5","t43"
-0.595311458983187,-3.04469901536401,"bird","p40","animal","s20","t35"
-1.78818931813385,5.08517498787225,"bird","p40","animal","s6","t35"
-2.00717473981997,2.26601957269675,"bird","p40","animal","s8","t35"
-0.0491989267413782,-3.11776214247944,"bird","p26","animal","s5","t52"
2.40081079043599,-2.69485051785848,"bird","p31","animal","s6","t43"
1.45182814318421,-3.21822312857138,"bird","p31","animal","s7","t43"
-2.15781297035814,1.80939722279921,"bird","p40","animal","s10","t35"
0.731069115700872,-3.30375906404011,"bird","p5","animal","s1","t25"
1.09857774346284,-3.21898279809726,"bird","p31","animal","s9","t43"
-2.07869268212454,1.93291598948566,"bird","p40","animal","s14","t35"
-1.74322138460621,5.0069496044438,"bird","p40","animal","s3","t35"
0.452551156343124,-3.27232299325575,"bird","p26","animal","s1","t52"
0.850467341895926,-3.40728217408683,"bird","p5","animal","s9","t25"
-2.28075050497762,0.486680140791414,"bird","p40","animal","s21","t35"
-0.189881946051266,-1.43669022062996,"bird","p40","animal","s16","t35"
1.73415549103742,-3.10350818958527,"bird","p31","animal","s8","t43"
1.08800968273061,-3.2780876796192,"bird","p5","animal","s4","t25"
2.41993243349963,-2.83565542181955,"bird","p31","animal","s3","t43"
1.12788506395735,-2.68292327055983,"bird","p5","animal","s10","t25"
0.965840060704661,-3.38058235514075,"bird","p5","animal","s3","t25"
-2.10272001040623,2.40116435792413,"bird","p40","animal","s12","t35"
1.85310705754257,-3.14326030666277,"bird","p31","animal","s11","t43"
2.4188559275128,-2.57976432172724,"bird","p31","animal","s4","t43"
-0.18937648940885,-1.44986900591988,"bird","p40","animal","s11","t35"
1.88412528209549,-2.59025822405059,"bird","p5","animal","s15","t25"
2.18014455546431,-2.09411370301398,"bird","p5","animal","s8","t25"
1.86390322958814,-3.09428211047118,"bird","p31","animal","s12","t43"
0.770647182683452,-3.41826948805101,"bird","p5","animal","s13","t25"
-1.7849377241446,1.97478294924441,"bird","p40","animal","s24","t35"
2.0937170365468,-2.2999820502069,"bird","p5","animal","s14","t25"
1.71862648441401,-2.38529565282954,"bird","p5","animal","s11","t25"
-2.04859512050204,2.29552524263667,"bird","p40","animal","s22","t35"
2.02827060086357,-2.25390915762861,"bird","p5","animal","s12","t25"
2.33928181951065,-2.8772245475384,"bird","p31","animal","s14","t43"
1.80031289916214,-3.13646691414166,"bird","p31","animal","s10","t43"
-1.41865330339067,4.79852437180449,"bird","p40","animal","s13","t35"
2.06288042150291,-2.98406870717942,"bird","p31","animal","s13","t43"
2.82065844703906,-2.74388095281242,"bird","p31","animal","s2","t43"
-2.48648858658112,0.410293195855176,"bird","p40","animal","s9","t35"
2.16689431234219,-2.77479836903066,"bird","p5","animal","s6","t25"
2.04717303330353,-2.6399810805779,"bird","p5","animal","s5","t25"
1.06717610819546,-3.16821972231637,"bird","p5","animal","s7","t25"
-2.61744466079669,0.433953625830589,"bird","p40","animal","s23","t35"
-3.20830866804896,0.289210020951109,"cat","p23","animal","s6","t20"
-3.16137442315676,0.304788254709749,"cat","p12","animal","s10","t2"
-3.23321090364252,0.559038426398347,"cat","p23","animal","s1","t20"
-3.32043195890013,0.226088778954793,"cat","p23","animal","s5","t20"
-2.90892982136342,0.761067336745414,"cat","p12","animal","s2","t2"
0.703657514109126,-0.541097111069119,"cat","p23","animal","s7","t20"
-2.48476415448642,4.77177815821954,"cat","p54","animal","s3","t21"
3.02290886782788,-0.292109812438512,"cat","p36","animal","s8","t38"
2.9397943754191,-0.283205988305581,"cat","p36","animal","s7","t38"
-3.09840627999848,0.549381758994323,"cat","p23","animal","s19","t20"
-1.32281740520229,4.70915112297003,"cat","p12","animal","s1","t2"
0.818979208676171,3.04296245465577,"cat","p23","animal","s4","t20"
-2.15246282192106,5.04005869790724,"cat","p54","animal","s4","t21"
-3.05261576354601,0.654475951737735,"cat","p23","animal","s18","t20"
-2.4010260824508,-0.293736783660503,"cat","p12","animal","s3","t2"
-2.25547283882394,1.51638663005905,"cat","p12","animal","s9","t2"
0.0662143263109534,-3.58374070437015,"cat","p36","animal","s5","t38"
-3.23115997495947,0.618695480733989,"cat","p23","animal","s3","t20"
-1.27491364626298,-1.09021148999418,"cat","p66","animal","s4","t3"
0.199484211831233,3.23805437685126,"cat","p73","animal","s2","t47"
-2.18860304108296,1.73297993921703,"cat","p54","animal","s2","t21"
-3.36599183756713,0.467767543898091,"cat","p23","animal","s8","t20"
-2.90647301227363,0.680675468821304,"cat","p23","animal","s17","t20"
-2.94346789142857,-0.103301326345399,"cat","p23","animal","s2","t20"
-3.02934472437627,-0.169732724923384,"cat","p12","animal","s4","t2"
-3.06640484279289,0.00967810207119214,"cat","p23","animal","s16","t20"
-2.25391335999407,4.77443993757903,"cat","p54","animal","s12","t21"
-1.68746658956032,-0.469898017285942,"cat","p66","animal","s3","t3"
-2.44638733149359,0.243366007499694,"cat","p36","animal","s6","t38"
-2.45040411665092,4.76838093248567,"cat","p54","animal","s10","t21"
-3.02914436993876,-0.105151514406072,"cat","p12","animal","s5","t2"
-3.3146450688129,0.596576608735768,"cat","p12","animal","s8","t2"
-0.461772853720355,3.2950492020258,"cat","p73","animal","s1","t47"
-2.358572467421,4.78425454853446,"cat","p54","animal","s5","t21"
2.80243153753331,-0.0452705772008092,"cat","p36","animal","s4","t38"
-2.55904921954984,4.77445491533515,"cat","p54","animal","s11","t21"
-0.444903243410175,3.89725211811713,"cat","p36","animal","s3","t38"
-1.60147617173635,4.84709848948453,"cat","p23","animal","s14","t20"
0.624018011805663,-2.66527754441119,"cat","p66","animal","s1","t3"
-2.59334976851402,5.01184579375762,"cat","p54","animal","s6","t21"
-1.78430185649202,-0.967265471814742,"cat","p23","animal","s9","t20"
-1.24676318123718,1.33428366604434,"cat","p54","animal","s1","t21"
-2.79159463164275,0.775066713037279,"cat","p23","animal","s13","t20"
-1.42897068357609,-0.614946010041954,"cat","p66","animal","s2","t3"
-1.50879821634332,4.80333844372585,"cat","p23","animal","s15","t20"
-2.41464978488029,4.91027719426633,"cat","p54","animal","s8","t21"
-2.31950866761145,4.88202127416413,"cat","p54","animal","s9","t21"
-2.94455596123549,0.681788080900181,"cat","p36","animal","s1","t38"
-3.41091556919229,0.508109311269106,"cat","p12","animal","s6","t2"
-2.58561423846321,4.68667795190485,"cat","p54","animal","s7","t21"
-2.86093936544966,-0.190702013442239,"cat","p23","animal","s10","t20"
-1.12060982625905,-1.75902497514316,"cat","p36","animal","s2","t38"
-0.368272869759395,-2.38043950128627,"cat","p23","animal","s12","t20"
-2.81781783607159,-0.583415811676727,"cat","p12","animal","s7","t2"
-3.03153036514514,-0.192575839266519,"cat","p23","animal","s11","t20"
-0.711185323543736,-2.15137723876359,"disgusted","p63","emotion/valence","s2","t26"
-1.17652440100331,1.14467612419172,"disgusted","p63","emotion/valence","s3","t26"
1.07479319835146,2.32431360978729,"disgusted","p52","emotion/valence","s4","t30"
0.631495325756668,1.7401854527871,"disgusted","p52","emotion/valence","s3","t30"
2.87649828802253,-0.907942622223979,"disgusted","p34","emotion/valence","s1","t9"
-0.281403153673327,-3.69021549579377,"disgusted","p63","emotion/valence","s4","t26"
1.75290890350479,-1.30582939842395,"disgusted","p72","emotion/valence","s2","t10"
-0.894595023923495,1.16269603397611,"disgusted","p63","emotion/valence","s1","t26"
3.24040563233424,-0.144213781973399,"disgusted","p12","emotion/valence","s2","t14"
-2.18764435855861,0.517196098100675,"disgusted","p52","emotion/valence","s1","t30"
2.70634726213341,-2.5641987556097,"disgusted","p24","emotion/valence","s1","t53"
2.52288553994128,0.317986043180191,"disgusted","p12","emotion/valence","s3","t14"
-0.68685634679077,-1.67235346097963,"disgusted","p52","emotion/valence","s8","t30"
-0.540608221010672,2.47331383758128,"disgusted","p63","emotion/valence","s6","t26"
-2.28636589397678,0.524804373305234,"disgusted","p52","emotion/valence","s2","t30"
2.7131114410269,0.341768826171974,"disgusted","p12","emotion/valence","s1","t14"
1.17037625832663,2.11152006722708,"disgusted","p52","emotion/valence","s5","t30"
-0.319996644522887,-2.89878655327298,"disgusted","p63","emotion/valence","s7","t26"
-0.0772228191740394,-3.50807467176324,"disgusted","p52","emotion/valence","s7","t30"
0.92608071666827,0.892545263753112,"disgusted","p72","emotion/valence","s1","t10"
2.34591599012636,-0.407914965923796,"disgusted","p42","emotion/valence","s2","t5"
-0.302916755912342,0.762015002820507,"disgusted","p42","emotion/valence","s1","t5"
-0.776329739218889,-1.53305754482722,"disgusted","p52","emotion/valence","s6","t30"
0.82398368007843,0.911538822487315,"dog","p40","animal","s1","t27"
-1.0343278615336,1.22069637025613,"dog","p40","animal","s10","t27"
2.58361864748469,-2.3969868062134,"dog","p17","animal","s6","t38"
0.0998597430595538,2.36915943922651,"dog","p56","animal","s10","t56"
-1.75915115840809,2.21768295976516,"dog","p65","animal","s3","t0"
-2.60330839866196,4.97859447364929,"dog","p56","animal","s3","t56"
-0.129489749148939,3.82708508291283,"dog","p56","animal","s4","t56"
-1.00530469969733,-1.04781140862951,"dog","p40","animal","s11","t27"
-0.66368697116636,-0.431700037662129,"dog","p77","animal","s2","t2"
0.632080610294748,1.13218161559775,"dog","p77","animal","s3","t2"
0.838278717174725,1.40363440620269,"dog","p77","animal","s4","t2"
-1.08852573397401,-0.580813496827096,"dog","p17","animal","s5","t38"
2.51903667848554,-2.02732575306869,"dog","p17","animal","s8","t38"
-1.33204403473635,0.981993268301728,"dog","p40","animal","s4","t27"
-1.10202630872152,1.34827938886507,"dog","p40","animal","s12","t27"
0.824140523770241,-3.57310808254343,"dog","p17","animal","s7","t38"
-1.0299821690218,1.31201166083092,"dog","p77","animal","s1","t2"
0.844428174422422,0.889443166639595,"dog","p40","animal","s7","t27"
-2.67814169269861,4.92356510824225,"dog","p56","animal","s1","t56"
-1.64914542528172,2.20611271592937,"dog","p65","animal","s1","t0"
-0.0685982963516817,-3.42895088779963,"dog","p65","animal","s2","t0"
-1.15315614245768,0.175061112047324,"dog","p40","animal","s3","t27"
0.761148578380207,0.900894768037532,"dog","p40","animal","s6","t27"
-1.0956167430703,1.09605336432447,"dog","p17","animal","s3","t38"
-2.85276366296454,-0.423884019242408,"dog","p17","animal","s4","t38"
0.858052456489026,2.49646560183694,"dog","p56","animal","s2","t56"
2.45044383322999,-2.37647385526546,"dog","p17","animal","s13","t38"
0.751308344832684,-3.43715176834373,"dog","p17","animal","s9","t38"
0.502415930947797,1.07622376256938,"dog","p40","animal","s8","t27"
2.62274229145809,-1.47522394796737,"dog","p25","animal","s4","t41"
-3.10514731132358,-0.074793935656493,"dog","p40","animal","s5","t27"
0.585312563721247,-3.66283143696661,"dog","p17","animal","s2","t38"
-1.38242523571201,4.64054579966866,"dog","p25","animal","s3","t41"
-0.900258516172956,-0.812738354783193,"dog","p40","animal","s15","t27"
-1.08381241644537,0.872387886160753,"dog","p40","animal","s9","t27"
-2.0509247879007,0.227174649277535,"dog","p17","animal","s12","t38"
-1.29411710565371,-0.803779842315588,"dog","p17","animal","s11","t38"
-2.29671890270655,0.604119150368401,"dog","p25","animal","s1","t41"
0.775918539468941,0.962698688666813,"dog","p40","animal","s2","t27"
-0.0123270738841641,2.17656745968008,"dog","p56","animal","s5","t56"
0.453188705187211,-3.51658996805714,"dog","p56","animal","s8","t56"
2.45545939358621,-1.09726397876599,"dog","p65","animal","s4","t0"
0.700325742670338,-2.85612069161207,"dog","p25","animal","s2","t41"
-0.264266706137092,2.79675884397568,"dog","p56","animal","s9","t56"
-0.666571778721813,-2.61242726737469,"dog","p56","animal","s7","t56"
-0.0707189405289482,2.91581186645523,"dog","p17","animal","s10","t38"
-0.597511421994077,-0.171449007908691,"dog","p40","animal","s13","t27"
-1.13713691962605,1.25270398143278,"dog","p40","animal","s14","t27"
-0.0141157163005091,3.55575386069883,"dog","p17","animal","s1","t38"
-0.0524574079202833,2.50531817969323,"dog","p56","animal","s6","t56"
0.673487896126668,3.450006830345,"egg","p23","thing/object","s3","t21"
-0.988613231166429,0.273099877089296,"egg","p75","thing/object","s1","t37"
-0.247070290862036,3.94764504665197,"egg","p23","thing/object","s4","t21"
-0.411837635473441,4.0162508502674,"egg","p23","thing/object","s12","t21"
0.762918349819794,3.39129693787134,"egg","p23","thing/object","s2","t21"
-0.177808239032709,3.86211191396319,"egg","p23","thing/object","s14","t21"
-0.992477050341858,0.369755151698908,"egg","p75","thing/object","s2","t37"
2.49893252426154,-2.1570652713528,"egg","p43","thing/object","s2","t51"
1.25213304555546,1.85475291185577,"egg","p75","thing/object","s5","t37"
0.783151380582493,3.41431345670141,"egg","p23","thing/object","s13","t21"
1.80351540079996,1.01982770726302,"egg","p32","thing/object","s2","t7"
2.23889432723976,-1.70493727299772,"egg","p32","thing/object","s1","t7"
-0.162899702099653,-2.4804934769052,"egg","p13","thing/object","s2","t52"
-0.116798120758066,3.79763120162237,"egg","p23","thing/object","s5","t21"
0.70643687366568,3.43703179588712,"egg","p23","thing/object","s10","t21"
3.07711233812952,-0.282224163414385,"egg","p13","thing/object","s3","t52"
-0.22283032303125,-2.36365744606446,"egg","p13","thing/object","s1","t52"
-1.54756276233966,-1.37241012321563,"egg","p43","thing/object","s1","t51"
-0.345987150772866,3.98317797539858,"egg","p23","thing/object","s9","t21"
0.660286194588731,3.41394094079343,"egg","p23","thing/object","s6","t21"
-0.468164972557917,-1.05857321910654,"egg","p57","thing/object","s1","t9"
-1.01075517555552,0.382231240579384,"egg","p75","thing/object","s3","t37"
0.758632863611891,2.29287398609931,"egg","p23","thing/object","s7","t21"
-1.04149182943265,0.457298009154301,"egg","p75","thing/object","s4","t37"
0.443291288161152,3.30989702638743,"egg","p23","thing/object","s1","t21"
2.90398233891485,-1.59943968014679,"egg","p43","thing/object","s3","t51"
0.857942236317239,3.42912062078197,"egg","p23","thing/object","s11","t21"
1.78469848839442,-0.0481669711525451,"egg","p57","thing/object","s2","t9"
0.642747075422449,3.46838581101339,"egg","p23","thing/object","s8","t21"
-0.732716727578338,-1.96292026374659,"fish","p55","animal","s11","t10"
1.35432017579093,2.13133952838738,"fish","p73","animal","s3","t41"
-2.17802065155925,-0.683396017923494,"fish","p70","animal","s9","t40"
-2.19525231608958,-1.35927375756353,"fish","p70","animal","s8","t40"
-0.601318793677851,-1.70291366776065,"fish","p24","animal","s2","t45"
1.49198691035979,1.97583851917421,"fish","p73","animal","s4","t41"
-0.300433719473369,-2.4849187673911,"fish","p55","animal","s7","t10"
-0.990321915696195,-2.01090300082982,"fish","p55","animal","s6","t10"
-0.55938494993217,-2.40306052642582,"fish","p55","animal","s5","t10"
-0.573588238055772,-2.36637447132379,"fish","p70","animal","s19","t40"
-2.09432075597269,-1.30451613756365,"fish","p70","animal","s11","t40"
-0.915082068715691,-1.7373117373835,"fish","p24","animal","s1","t45"
2.04296574820571,-1.87890574726741,"fish","p55","animal","s9","t10"
-1.34482465800444,-1.79948599619243,"fish","p70","animal","s1","t40"
-2.18823462464111,-1.39575757364729,"fish","p70","animal","s2","t40"
-0.787315782453398,-2.03521819371085,"fish","p55","animal","s8","t10"
-2.31170683702783,-0.918563890136932,"fish","p70","animal","s12","t40"
-1.95659284415309,-1.63207462929868,"fish","p70","animal","s18","t40"
-1.4180197408582,-1.98220876799513,"fish","p70","animal","s10","t40"
-1.90992574065468,-0.884041100692032,"fish","p70","animal","s23","t40"
1.59300057595978,-2.25454930433366,"fish","p55","animal","s4","t10"
0.232583368163075,-2.67913515287733,"fish","p55","animal","s12","t10"
-2.28891629657251,-1.02619754359294,"fish","p70","animal","s6","t40"
-1.46800213925965,-1.66699423194806,"fish","p70","animal","s7","t40"
-0.0734436898652668,3.74131556593836,"fish","p44","animal","s2","t11"
-1.8716365109883,-1.73818866648658,"fish","p24","animal","s3","t45"
2.65861281038222,-1.08067540197607,"fish","p55","animal","s13","t10"
-0.677988142829866,-1.3173913839039,"fish","p55","animal","s14","t10"
-0.294051886159123,-2.44684593539342,"fish","p55","animal","s15","t10"
-1.67445263275635,-1.36585431509578,"fish","p70","animal","s17","t40"
0.96545227407772,2.29510990633574,"fish","p73","animal","s1","t41"
0.977195899896176,2.45252860497519,"fish","p73","animal","s2","t41"
-1.61234793675874,4.95099050322063,"fish","p44","animal","s1","t11"
1.30323690009457,-2.54509608535859,"fish","p55","animal","s10","t10"
2.15550053382323,-2.7965597402471,"fish","p44","animal","s3","t11"
-2.06961327604978,4.8515363065179,"fish","p44","animal","s4","t11"
-1.59442644882842,4.77104012444481,"fish","p44","animal","s5","t11"
-0.109346154387317,3.74119723856507,"fish","p44","animal","s6","t11"
2.49670596208719,-2.82374264683854,"fish","p44","animal","s7","t11"
-0.12325667044485,3.45051876039766,"fish","p44","animal","s8","t11"
-1.35007544339821,-2.10052764288816,"fish","p70","animal","s13","t40"
-2.1947971168094,-1.36064895177887,"fish","p70","animal","s14","t40"
-1.93490474417087,-0.938903313209809,"fish","p70","animal","s15","t40"
-1.39303096336603,-2.01907212260116,"fish","p70","animal","s16","t40"
-3.11505789189871,0.905545064290246,"fish","p70","animal","s5","t40"
-0.450014423245692,-0.717294397623385,"fish","p55","animal","s1","t10"
-2.05613523477567,-1.42542451931421,"fish","p70","animal","s22","t40"
-3.04920496906948,0.849926556903413,"fish","p70","animal","s3","t40"
-2.23184049596654,-1.34510547962463,"fish","p70","animal","s20","t40"
-1.27394907875052,-2.20957628970054,"fish","p70","animal","s21","t40"
-1.57347542046815,-1.33676956215797,"fish","p70","animal","s26","t40"
-1.60360186887155,-1.8078933327831,"fish","p55","animal","s18","t10"
-1.42836751202417,-1.90438605175821,"fish","p70","animal","s24","t40"
-1.9892740750899,-1.08594132217282,"fish","p70","animal","s25","t40"
-1.15583189813079,-1.54624321962579,"fish","p55","animal","s17","t10"
-1.78061163931446,-1.16300660240424,"fish","p70","animal","s4","t40"
1.87937210275268,-2.32979891261278,"fish","p55","animal","s3","t10"
1.82648196218117,-2.20657734810019,"fish","p55","animal","s19","t10"
0.0520558719607392,-2.4940406321945,"fish","p55","animal","s16","t10"
-1.93120016668302,-1.79019489114613,"fish","p55","animal","s2","t10"
1.39860204189132,-0.410703384427299,"fly","p32","animal","s3","t6"
0.21862305950553,-2.58592914695058,"fly","p1","animal","s2","t47"
2.94849544188774,-0.315438169162857,"fly","p11","animal","s2","t45"
1.37409278482275,-0.419376676290273,"fly","p63","animal","s1","t20"
2.7117744666717,-2.31813809991042,"fly","p63","animal","s2","t20"
1.07935247009286,-0.288371905617453,"fly","p63","animal","s3","t20"
1.39483924814148,-0.532553379390988,"fly","p32","animal","s2","t6"
2.01326675653469,-0.357754127520297,"fly","p32","animal","s4","t6"
-1.10345112650172,0.115363887701265,"fly","p77","animal","s4","t17"
-1.38002558101634,-0.00921553819152593,"fly","p77","animal","s5","t17"
1.47493810518324,0.295984365879647,"fly","p77","animal","s2","t17"
-0.980984845292773,-2.04608517239815,"fly","p77","animal","s3","t17"
-0.649517784664247,-3.64144554994301,"fly","p77","animal","s9","t17"
2.75176387581894,-0.44575135979945,"fly","p11","animal","s1","t45"
-1.15711798960402,-1.49037458961612,"fly","p32","animal","s1 ","t6"
0.183870387259354,-0.216279191900923,"fly","p56","animal","s4","t48"
-0.945465202864942,0.331165808089224,"fly","p77","animal","s1","t17"
1.64371671614146,0.208014990296965,"fly","p77","animal","s10","t17"
3.12177906325674,-1.06967908984264,"fly","p1","animal","s1","t47"
0.048389901226778,-3.55953933779612,"fly","p77","animal","s11","t17"
1.36098624658847,-0.276746744071726,"fly","p45","animal","s1","t29"
1.87976203000073,-0.804240865701164,"fly","p45","animal","s2","t29"
-1.4346843866332,-1.20922276069511,"fly","p20","animal","s1","t20"
-0.349016124976645,-3.61809082526947,"fly","p77","animal","s6","t17"
-1.36509163636951,-1.87284171287923,"fly","p1","animal","s4","t47"
1.21806327012764,-0.210742179771936,"fly","p45","animal","s4","t29"
1.03079494021966,-0.492029828673534,"fly","p56","animal","s1","t48"
0.419656649602555,-0.211516909936885,"fly","p56","animal","s3","t48"
1.24701831665203,-0.565313807944845,"fly","p56","animal","s2","t48"
-1.14811035317313,0.143089991012068,"fly","p77","animal","s7","t17"
1.28523168399641,-0.239719505834564,"fly","p45","animal","s5","t29"
1.70588011854534,-0.706899468982879,"fly","p45","animal","s6","t29"
1.65668913381164,0.212019055210988,"fly","p77","animal","s8","t17"
2.90440180202236,-2.28347593281776,"fly","p1","animal","s3","t47"
1.37891121513141,-0.176255704384665,"fly","p45","animal","s3","t29"
1.61672061553542,-0.767532334916876,"fly","p20","animal","s3","t20"
2.89935896978385,-1.91711340743201,"fly","p1","animal","s5","t47"
-2.73362043627103,-0.558607603823082,"fly","p20","animal","s2","t20"
2.50200279868562,-2.43661153365564,"good","p4","emotion/valence","s2","t53"
-0.607142560006212,-1.20545100110131,"good","p64","emotion/valence","s5","t12"
-0.866740110179321,2.92942952726606,"good","p58","emotion/valence","s2","t4"
-0.693949634554657,-1.20009878394558,"good","p64","emotion/valence","s3","t12"
-0.794503015792038,-1.22051781368853,"good","p64","emotion/valence","s1","t12"
0.816509423342486,-0.510749228470256,"good","p4","emotion/valence","s1","t53"
0.367624477764345,0.683841663867695,"good","p64","emotion/valence","s2","t12"
0.0736841846242975,0.595048451155931,"good","p64","emotion/valence","s4","t12"
-0.40864560721658,2.65994569682245,"good","p58","emotion/valence","s3","t4"
0.569861846420874,-3.22410515122884,"good","p16","emotion/valence","s1","t55"
1.45370687521196,2.73120444266291,"good","p70","emotion/valence","s1","t52"
2.09205001008727,-1.42989299811985,"good","p16","emotion/valence","s2","t55"
-1.9717587810541,5.07512073894926,"good","p45","emotion/valence","s3","t25"
-0.556005554304351,0.643847790639296,"good","p58","emotion/valence","s1","t4"
-0.108536556655596,3.71003980648182,"good","p45","emotion/valence","s1","t25"
-0.98586294323429,0.164898413944929,"good","p58","emotion/valence","s4","t4"
2.15368016387285,-1.74007469075056,"good","p16","emotion/valence","s3","t55"
-0.426208281079498,3.02207638159355,"good","p58","emotion/valence","s5","t4"
-2.5921781869205,4.955135876623,"good","p45","emotion/valence","s2","t25"
1.57366327782833,2.73046085046362,"happy","p62","emotion/valence","s1","t58"
2.19368034951092,-1.7999577873254,"happy","p10","emotion/valence","s1","t34"
-1.85511762746208,-0.746062948637734,"happy","p1","emotion/valence","s7","t52"
0.792237598944745,-0.841058844533064,"happy","p62","emotion/valence","s8","t58"
-2.44820837029586,4.99025879154764,"happy","p74","emotion/valence","s3","t13"
-0.732721368714059,-3.26667313722257,"happy","p74","emotion/valence","s2","t13"
-0.800153546182008,-3.81774471120788,"happy","p74","emotion/valence","s1","t13"
2.25919563029746,-1.68420826013961,"happy","p10","emotion/valence","s3","t34"
-1.70891531669422,-1.12705976786271,"happy","p62","emotion/valence","s10","t58"
-2.50632931861563,-0.383765628624176,"happy","p1","emotion/valence","s5","t52"
2.24562425015607,-1.69057991833103,"happy","p10","emotion/valence","s2","t34"
-1.9111949687224,-0.652605415049644,"happy","p1","emotion/valence","s6","t52"
-1.06795316959297,-1.33505938248534,"happy","p62","emotion/valence","s6","t58"
2.76260387359688,-0.426457102646083,"happy","p1","emotion/valence","s8","t52"
-2.57017304620552,-0.0326323961350426,"happy","p1","emotion/valence","s4","t52"
3.18114939909706,-0.137067514290776,"happy","p59","emotion/valence","s6","t35"
-0.905084654322311,4.30684127872266,"happy","p24","emotion/valence","s1","t47"
-1.15016887224711,-1.52995173201417,"happy","p62","emotion/valence","s9","t58"
-2.46751956990892,-0.128393798413562,"happy","p59","emotion/valence","s5","t35"
2.25507129850206,-1.85784217234041,"happy","p10","emotion/valence","s5","t34"
-1.87006481874817,-1.57330780569599,"happy","p62","emotion/valence","s7","t58"
-1.4496580000952,4.64052778251786,"happy","p59","emotion/valence","s3","t35"
-1.60671111827704,-1.35768588180018,"happy","p10","emotion/valence","s4","t34"
-0.181899743790423,-1.25363701656191,"happy","p59","emotion/valence","s4","t35"
-3.19146487025119,-0.0942330041392879,"happy","p1","emotion/valence","s2","t52"
-2.63111916265698,-0.30174616346208,"happy","p1","emotion/valence","s3","t52"
3.14335195707466,-0.252231419544987,"happy","p62","emotion/valence","s12","t58"
-2.80365207641023,-0.372730808631483,"happy","p1","emotion/valence","s1","t52"
1.2343425116515,-0.925782663495245,"happy","p62","emotion/valence","s2","t58"
-0.572937819083737,3.06506992355269,"happy","p59","emotion/valence","s1","t35"
1.42254453606578,2.35259634854298,"happy","p62","emotion/valence","s5","t58"
2.46192122139141,-0.93398721888153,"happy","p62","emotion/valence","s11","t58"
-0.252636244331031,3.1583219131741,"happy","p59","emotion/valence","s2","t35"
-1.87824956405193,-0.99551291804189,"happy","p62","emotion/valence","s4","t58"
1.55350073337942,2.5349113809799,"happy","p62","emotion/valence","s3","t58"
-0.848724685922188,0.348621696155221,"maybe","p66","abstract/logical","s4","t13"
-0.846174509050031,0.482190343889654,"maybe","p66","abstract/logical","s2","t13"
-1.95110659557078,5.14890929039069,"maybe","p46","abstract/logical","s5","t53"
2.5571902644734,-0.410341313729163,"maybe","p37","abstract/logical","s1","t22"
2.80757895272221,-0.553032728312437,"maybe","p37","abstract/logical","s3","t22"
1.05185354642132,0.637122396368685,"maybe","p46","abstract/logical","s9","t53"
3.2377719320985,-0.163529779840001,"maybe","p23","abstract/logical","s3","t34"
-0.239149225336832,2.70758816508743,"maybe","p46","abstract/logical","s6","t53"
1.39045910909927,0.309636765516504,"maybe","p66","abstract/logical","s3","t13"
0.892234805902158,-0.625821914935747,"maybe","p4","abstract/logical","s1","t47"
0.786362639917933,0.45173276953906,"maybe","p66","abstract/logical","s1","t13"
-1.87962052616803,5.2128779772019,"maybe","p46","abstract/logical","s8","t53"
2.42764706254219,-0.202486042060811,"maybe","p37","abstract/logical","s2","t22"
-0.640104270852507,0.322180128184779,"maybe","p72","abstract/logical","s1","t8"
-1.32323865073199,-0.477213114015896,"maybe","p66","abstract/logical","s5","t13"
3.28094844127117,-0.210112235804841,"maybe","p23","abstract/logical","s2","t34"
-1.89655600212717,5.18603635872853,"maybe","p46","abstract/logical","s7","t53"
-1.87344839814816,5.26617005669392,"maybe","p46","abstract/logical","s4","t53"
2.08102849460311,-0.571886777287309,"maybe","p17","abstract/logical","s1","t22"
3.2763180208772,-0.0371041370931062,"maybe","p23","abstract/logical","s4","t34"
1.06358235349665,-0.590614679761914,"maybe","p23","abstract/logical","s1","t34"
-1.95822944274161,5.20340003377633,"maybe","p46","abstract/logical","s2","t53"
-1.85690128694771,5.19770599443456,"maybe","p46","abstract/logical","s3","t53"
1.43326491485612,0.244996096834278,"maybe","p66","abstract/logical","s6","t13"
1.24141506273257,0.867797287890637,"maybe","p50","abstract/logical","s1","t16"
3.2318889771065,-0.384656040012629,"maybe","p23","abstract/logical","s5","t34"
2.12479174345421,-0.632863909886657,"maybe","p17","abstract/logical","s3","t22"
1.98480466708102,-0.930700118831177,"maybe","p17","abstract/logical","s2","t22"
-0.359136833232363,0.455459303894847,"maybe","p72","abstract/logical","s2","t8"
1.23386297955083,0.432430885142944,"maybe","p66","abstract/logical","s7","t13"
-2.02996547617835,5.21356905273512,"maybe","p46","abstract/logical","s1","t53"
2.15885493858028,-0.783798223455241,"not","p31","abstract/logical","s2","t48"
-3.02955914089009,0.341827658492686,"not","p31","abstract/logical","s1","t48"
3.25536221553609,-0.563731080319941,"not","p31","abstract/logical","s3","t48"
2.42930913766399,-1.05689143689186,"not","p27","abstract/logical","s5","t21"
0.177174446075484,-2.61669445724593,"not","p16","abstract/logical","s5","t43"
-0.43924384629127,-2.23587655801843,"not","p16","abstract/logical","s6","t43"
-1.63038290950673,-1.38250295850731,"not","p27","abstract/logical","s7","t21"
-0.476077309852679,2.88069699525704,"not","p79","abstract/logical","s1","t24"
-1.38197680256129,-1.43002633846367,"not","p16","abstract/logical","s4","t43"
2.45277049267254,-1.50571708430491,"not","p27","abstract/logical","s6","t21"
0.977197992174718,0.938629050225842,"not","p79","abstract/logical","s2","t24"
0.331741683986127,-2.38372242670764,"not","p16","abstract/logical","s3","t43"
1.4389036388123,2.36680944869347,"not","p68","abstract/logical","s2","t31"
-2.23887647759901,-0.811929559478403,"not","p68","abstract/logical","s1","t31"
-0.705697822020365,2.57224422194359,"not","p79","abstract/logical","s4","t24"
-0.237495583420533,0.6266452854391,"not","p49","abstract/logical","s1","t17"
2.32357823978855,-2.32710294142433,"not","p27","abstract/logical","s8","t21"
0.982516208037377,0.735584621101573,"not","p79","abstract/logical","s5","t24"
2.08132283085523,-1.00199837728081,"not","p16","abstract/logical","s1","t43"
2.89457802593621,-0.195859395340011,"not","p16","abstract/logical","s2","t43"
2.51034645868384,-0.838083373764044,"not","p27","abstract/logical","s4","t21"
-2.13074636285733,-0.787001617395662,"not","p27","abstract/logical","s1","t21"
1.409783408594,0.111940928310931,"not","p53","abstract/logical","s1","t40"
-0.523558371028374,2.73446693407881,"not","p79","abstract/logical","s3","t24"
2.11659577464132,0.861192001880243,"not","p27","abstract/logical","s2","t21"
-0.514454487488648,-2.12097694977384,"not","p27","abstract/logical","s3","t21"
-0.129995240447251,0.89762869132216,"not","p49","abstract/logical","s2","t17"
2.24574362763863,1.31894080444542,"old","p32","time","s1","t0"
-0.618944467007099,3.80702607846492,"old","p52","time","s4","t35"
0.4491745552097,1.89198642497729,"old","p52","time","s2","t35"
1.86582036008427,1.61092213019788,"old","p52","time","s5","t35"
-1.58675734549723,2.58548222438111,"old","p52","time","s3","t35"
3.00322733350308,-2.7049233878531,"old","p15","time","s6","t0"
2.90961885628367,-2.78081193435474,"old","p15","time","s7","t0"
-3.45079539373879,0.443686660022882,"old","p2","time","s2","t3"
2.28177833513184,1.41752469605701,"old","p32","time","s2","t0"
1.13421211477824,-0.824022703630213,"old","p2","time","s1","t3"
-2.22618710384965,1.68648239786377,"old","p52","time","s11","t35"
0.755624458641878,1.74515762446712,"old","p52","time","s17","t35"
2.82580323660104,-1.58736046462224,"old","p15","time","s4","t0"
1.19981994535822,2.23901382300876,"old","p52","time","s9","t35"
1.04641471810346,2.24364549859557,"old","p52","time","s13","t35"
1.77495233271425,1.80350038247691,"old","p52","time","s16","t35"
0.85128132636282,2.31688007476484,"old","p52","time","s7","t35"
3.02530019834509,-2.69153190788087,"old","p15","time","s3","t0"
2.33143556366329,1.47877786852253,"old","p32","time","s3","t0"
-1.61909936016811,4.93850227890652,"old","p52","time","s6","t35"
2.88102766299864,-2.78961123644563,"old","p15","time","s1","t0"
0.745728188651251,1.99272078843289,"old","p52","time","s15","t35"
0.916624355740318,1.94602454146208,"old","p52","time","s8","t35"
-2.53765343814383,4.83265354934945,"old","p52","time","s10","t35"
2.91510702682437,-2.82850188581939,"old","p15","time","s5","t0"
-1.91323209485878,2.10736865260216,"old","p52","time","s1","t35"
-1.92613930955984,5.15172145382291,"old","p52","time","s12","t35"
2.02562725884957,1.67125808797747,"old","p52","time","s14","t35"
0.927119137775282,-0.807766699211259,"old","p2","time","s3","t3"
3.04589680424839,-2.58535774264743,"old","p15","time","s2","t0"
3.2673551221639,-0.0919220328592184,"sad","p4","emotion/valence","s1","t46"
-1.60614331777038,4.97615993192851,"sad","p48","emotion/valence","s10","t32"
1.11491763745193,-0.677644155426322,"sad","p29","emotion/valence","s3","t59"
-1.99213590952533,-1.77854953157287,"sad","p77","emotion/valence","s2","t8"
-1.25794588066818,-0.492464330518419,"sad","p17","emotion/valence","s6","t26"
-1.25635243238973,4.60840118539197,"sad","p17","emotion/valence","s4","t26"
-2.57077761014707,4.91679575170011,"sad","p48","emotion/valence","s6","t32"
-1.49144451310949,4.82136302085121,"sad","p48","emotion/valence","s11","t32"
-2.12479829102934,5.14067805360645,"sad","p48","emotion/valence","s1","t32"
-0.0638938487420577,0.672112523646,"sad","p77","emotion/valence","s1","t8"
-2.98027473349865,0.59684656603148,"sad","p48","emotion/valence","s2","t32"
-2.58781380456765,4.93390668447305,"sad","p48","emotion/valence","s3","t32"
-2.66883274797875,0.136992407686399,"sad","p48","emotion/valence","s8","t32"
-1.06684536487998,-1.39240095584836,"sad","p29","emotion/valence","s2","t59"
-0.568472534721414,-1.10045901778944,"sad","p48","emotion/valence","s5","t32"
0.909518571591964,-0.562657135371022,"sad","p29","emotion/valence","s5","t59"
2.47921227673364,-2.74858345492971,"sad","p17","emotion/valence","s3","t26"
3.26381268668778,-0.124487481877597,"sad","p27","emotion/valence","s2","t22"
-3.09343689482362,0.820130362609274,"sad","p17","emotion/valence","s5","t26"
1.50411707178006,0.554152503866026,"sad","p66","emotion/valence","s8","t11"
1.17397050664202,1.44962205744914,"sad","p66","emotion/valence","s7","t11"
2.63078771882114,-2.71812236468524,"sad","p17","emotion/valence","s2","t26"
-2.35595222829215,4.90122643512158,"sad","p48","emotion/valence","s9","t32"
1.89647354411684,-1.37567458626163,"sad","p27","emotion/valence","s1","t22"
-3.19618161240671,0.711102945825022,"sad","p29","emotion/valence","s4","t59"
2.58619173961516,-1.26303833754183,"sad","p17","emotion/valence","s10","t26"
2.5293648253266,-0.568495555016425,"sad","p29","emotion/valence","s1","t59"
-1.68946479371478,4.98053540405055,"sad","p48","emotion/valence","s12","t32"
-2.90642048023987,0.801045863354625,"sad","p48","emotion/valence","s18","t32"
-2.73104613161257,0.796396514791069,"sad","p48","emotion/valence","s4","t32"
-0.137233477353806,-1.46662771520576,"sad","p27","emotion/valence","s9","t22"
-1.45665506972412,4.82958879561714,"sad","p17","emotion/valence","s11","t26"
1.36160261219466,1.46553338139869,"sad","p66","emotion/valence","s6","t11"
2.21748103307942,-1.23774138967392,"sad","p27","emotion/valence","s3","t22"
-0.159752945103929,-1.49138045269847,"sad","p66","emotion/valence","s3","t11"
1.1153890871437,2.77736486450873,"sad","p27","emotion/valence","s8","t22"
-1.0656329046218,4.43682380561066,"sad","p27","emotion/valence","s7","t22"
-0.486648492966331,-1.68819811657415,"sad","p66","emotion/valence","s5","t11"
-2.75240336663292,1.00677355026064,"sad","p17","emotion/valence","s7","t26"
2.78691500017249,-1.18403546355582,"sad","p27","emotion/valence","s4","t22"
-1.08264805819343,-0.432621522753627,"sad","p17","emotion/valence","s8","t26"
-1.36347608742011,-0.560043387089335,"sad","p66","emotion/valence","s4","t11"
-2.73944277350817,-0.022135015072662,"sad","p48","emotion/valence","s17","t32"
-1.13517458819414,4.51117425365501,"sad","p27","emotion/valence","s6","t22"
-1.24036746321212,-0.414190260026539,"sad","p66","emotion/valence","s2","t11"
-2.38665264700126,0.538089999482563,"sad","p48","emotion/valence","s15","t32"
-1.57283147353042,5.00503513793854,"sad","p48","emotion/valence","s16","t32"
2.81484388363235,-2.04812107912084,"sad","p17","emotion/valence","s1","t26"
-0.415734710868785,1.12812985148852,"sad","p66","emotion/valence","s1","t11"
0.049930520335092,-3.33108893436763,"sad","p27","emotion/valence","s5","t22"
-2.19076586360591,0.394668227192131,"sad","p48","emotion/valence","s13","t32"
-1.65812804349345,4.95617588953081,"sad","p48","emotion/valence","s14","t32"
-2.98048088570698,0.613809383356561,"sad","p17","emotion/valence","s9","t26"
1.37734720910544,2.37959677290521,"scared","p56","emotion/valence","s4","t44"
0.824873407730029,0.822402326484506,"scared","p47","emotion/valence","s1","t7"
1.88780574942109,-1.5497709983221,"scared","p34","emotion/valence","s1","t16"
1.17561868171318,2.35025212509789,"scared","p56","emotion/valence","s2","t44"
-1.4278115222822,4.80207730716199,"scared","p56","emotion/valence","s3","t44"
0.573117065279647,0.682326550836617,"scared","p76","emotion/valence","s1","t36"
0.630107083962932,2.91923274619079,"scared","p70","emotion/valence","s1","t42"
2.17892577158235,-1.20658132418002,"scared","p70","emotion/valence","s2","t42"
0.783738833836868,2.91452699712783,"scared","p70","emotion/valence","s3","t42"
2.16902971393882,0.436476752924604,"scared","p47","emotion/valence","s2","t7"
-0.391408986199682,-0.995998028338561,"scared","p56","emotion/valence","s1","t44"
0.719368713632266,1.46860372554148,"smoke","p15","thing/object","s5","t4"
1.65646101298124,0.973908793759023,"smoke","p15","thing/object","s2","t4"
0.388186869242458,1.53997631748338,"smoke","p15","thing/object","s3","t4"
-1.09718058217247,0.353522174058129,"smoke","p40","thing/object","s19","t32"
1.39888304731364,2.34213616795745,"smoke","p40","thing/object","s20","t32"
0.954801309000918,1.51866209088842,"smoke","p15","thing/object","s4","t4"
-1.74993920373091,5.03144890996153,"smoke","p40","thing/object","s7","t32"
-2.60438329689224,0.9673023168226,"smoke","p40","thing/object","s29","t32"
-0.97499905157134,1.44165808855359,"smoke","p40","thing/object","s5","t32"
-0.130204363828789,1.4424551650719,"smoke","p40","thing/object","s6","t32"
-0.519953045975146,1.64991014856999,"smoke","p40","thing/object","s18","t32"
-1.02057449102401,1.69961254169234,"smoke","p40","thing/object","s17","t32"
1.43243731712423,0.8312973394993,"smoke","p15","thing/object","s1","t4"
-0.85001721041372,1.51983775959468,"smoke","p40","thing/object","s4","t32"
-0.491145506528879,1.62259400582071,"smoke","p40","thing/object","s21","t32"
1.63128857483645,1.76291282767277,"smoke","p58","thing/object","s3","t2"
-0.508835881462643,1.60924945809461,"smoke","p40","thing/object","s28","t32"
1.61872745385013,1.77033078110135,"smoke","p58","thing/object","s2","t2"
1.63855021241863,2.42377789325038,"smoke","p40","thing/object","s3","t32"
0.698463723833169,2.57619720463206,"smoke","p40","thing/object","s8","t32"
2.79493628315979,-2.9013967557824,"smoke","p37","thing/object","s3","t34"
-0.279573831342591,1.60386494283992,"smoke","p40","thing/object","s9","t32"
1.64760089694397,1.55782350349929,"smoke","p58","thing/object","s1","t2"
-0.761973363015585,1.38558712783615,"smoke","p40","thing/object","s27","t32"
-0.291713140291356,1.53464914096128,"smoke","p40","thing/object","s25","t32"
2.93073588646317,-2.85501914430617,"smoke","p37","thing/object","s1","t34"
-0.834349078965044,1.50309969002677,"smoke","p40","thing/object","s26","t32"
-0.717885003947576,-0.171638759963421,"smoke","p15","thing/object","s6","t4"
-0.48287287136556,1.609587159964,"smoke","p40","thing/object","s11","t32"
-0.893006277799615,1.59417275056645,"smoke","p40","thing/object","s15","t32"
3.04172508529419,-2.82019297614201,"smoke","p37","thing/object","s2","t34"
-0.638785237168479,1.62558395227778,"smoke","p40","thing/object","s12","t32"
-1.09269006800997,1.27766022730766,"smoke","p40","thing/object","s10","t32"
-0.463921110570947,1.60458704016258,"smoke","p40","thing/object","s16","t32"
-0.539796540079145,1.66166264572927,"smoke","p40","thing/object","s14","t32"
0.360591516287586,2.68213387031748,"smoke","p40","thing/object","s13","t32"
-1.94478279283242,-0.771466201539245,"smoke","p40","thing/object","s22","t32"
0.733071440080889,1.47698339164634,"smoke","p40","thing/object","s24","t32"
-2.47040569052033,0.749258950590648,"smoke","p40","thing/object","s23","t32"
1.56417737538224,2.56411182026416,"smoke","p40","thing/object","s1","t32"
-0.863844167043589,-3.19160882650065,"spoon","p46","thing/object","s20","t46"
-3.05560287996275,0.332086090439873,"spoon","p22","thing/object","s7","t50"
-0.802648897761051,-2.85567939380053,"spoon","p46","thing/object","s32","t46"
-0.378223691059685,-3.96917238367434,"spoon","p46","thing/object","s33","t46"
0.54345580120897,-3.56477732858802,"spoon","p19","thing/object","s8","t32"
1.20265157254329,-3.45046934090185,"spoon","p22","thing/object","s6","t50"
-0.92617286443739,-3.70098383616001,"spoon","p46","thing/object","s6","t46"
-0.816701692939732,-3.19540677260133,"spoon","p46","thing/object","s8","t46"
-0.777161258783599,-3.22861296532414,"spoon","p46","thing/object","s7","t46"
1.17457663335815,-3.43198707315864,"spoon","p22","thing/object","s9","t50"
-2.07402635178427,-0.540645299009676,"spoon","p19","thing/object","s6","t32"
-1.33270062032968,-1.36796604420233,"spoon","p19","thing/object","s7","t32"
-1.04554339931984,-1.52395759456525,"spoon","p22","thing/object","s5","t50"
-1.02697545784539,-3.65800137786462,"spoon","p46","thing/object","s4","t46"
-1.03010144170484,-3.3842997282198,"spoon","p46","thing/object","s5","t46"
-0.572192400353736,-3.36860679389403,"spoon","p46","thing/object","s11","t46"
-0.915597505611968,-3.54256739384546,"spoon","p46","thing/object","s22","t46"
-0.993584825636551,-3.62916174842489,"spoon","p46","thing/object","s2","t46"
-0.463923605268343,2.51662677225282,"spoon","p79","thing/object","s4","t34"
-2.02562808541676,-0.928324205954854,"spoon","p22","thing/object","s4","t50"
-0.87574902961517,-3.58757470784606,"spoon","p46","thing/object","s30","t46"
-0.455174140521868,-4.00316251094317,"spoon","p46","thing/object","s23","t46"
-1.17284410435574,-0.757483508504975,"spoon","p56","thing/object","s4","t40"
-0.271796280713326,-2.42982284163707,"spoon","p22","thing/object","s8","t50"
-0.175555591545382,-3.69580062962223,"spoon","p46","thing/object","s34","t46"
-0.324264064304666,-3.87635647153072,"spoon","p46","thing/object","s31","t46"
-0.703895419835545,-0.618699597915173,"spoon","p79","thing/object","s3","t34"
0.659444001590964,-3.58245112242679,"spoon","p19","thing/object","s5","t32"
-0.799765523145414,-3.09411463607825,"spoon","p46","thing/object","s9","t46"
-1.34494722680905,-0.0637445810391611,"spoon","p56","thing/object","s1","t40"
-0.873707865172869,-0.497012614252083,"spoon","p56","thing/object","s2","t40"
-1.48770099090091,-0.326211198004414,"spoon","p56","thing/object","s3","t40"
-0.345451858442758,-2.45010540257882,"spoon","p22","thing/object","s3","t50"
0.528559482391498,1.61191344840079,"spoon","p79","thing/object","s1","t34"
-0.257026269048332,-0.0432663718629094,"spoon","p79","thing/object","s2","t34"
-1.00662580297768,-3.6864755905851,"spoon","p46","thing/object","s19","t46"
2.3284112866422,0.372880577795363,"spoon","p79","thing/object","s9","t34"
2.66156320312247,-2.55766801846865,"spoon","p19","thing/object","s9","t32"
1.76056758945517,0.311847376901505,"spoon","p46","thing/object","s1","t46"
-0.985513801094751,-3.38516993103423,"spoon","p46","thing/object","s10","t46"
-0.985393095875705,-1.03052016146647,"spoon","p56","thing/object","s8","t40"
0.667013313205933,-3.56752705154228,"spoon","p19","thing/object","s1","t32"
-0.0676241145135845,-0.33388090000749,"spoon","p56","thing/object","s5","t40"
1.87089372820735,0.715682911091365,"spoon","p46","thing/object","s18","t46"
1.67163289857043,1.20204972023344,"spoon","p46","thing/object","s17","t46"
-0.0155387636641884,-2.15250205800338,"spoon","p19","thing/object","s4","t32"
-3.22563912133227,0.428998624660405,"spoon","p22","thing/object","s2","t50"
-0.94631654612599,-3.68790536079176,"spoon","p46","thing/object","s21","t46"
-0.291755527471082,0.0957731795520084,"spoon","p79","thing/object","s6","t34"
1.29369287359803,1.93066546279087,"spoon","p79","thing/object","s7","t34"
-0.556262232831776,-4.01231410756435,"spoon","p46","thing/object","s24","t46"
-0.635913634728985,-3.98242767007755,"spoon","p46","thing/object","s25","t46"
1.88719611830999,-0.231758640752184,"spoon","p56","thing/object","s6","t40"
-1.6037305087654,-0.471951813501723,"spoon","p56","thing/object","s7","t40"
1.01306131866153,-3.42510522507747,"spoon","p22","thing/object","s1","t50"
-1.0448135329246,-3.3304348654281,"spoon","p46","thing/object","s3","t46"
-0.688266902299593,-3.93500140308393,"spoon","p46","thing/object","s16","t46"
-0.835311326024623,-4.04065988507093,"spoon","p46","thing/object","s12","t46"
2.70584660433998,-2.26302747876927,"spoon","p19","thing/object","s10","t32"
3.27629525151731,-0.0457503589288791,"spoon","p79","thing/object","s8","t34"
-0.551011420004751,-0.167674030009348,"spoon","p79","thing/object","s5","t34"
-0.438431229857039,-3.77487419637003,"spoon","p46","thing/object","s29","t46"
-0.730828041869042,-3.86797160182192,"spoon","p46","thing/object","s28","t46"
-2.93856201588356,-0.251467285767196,"spoon","p19","thing/object","s2","t32"
-1.97993778854312,-0.722967792218011,"spoon","p19","thing/object","s3","t32"
-1.04552453956441,-3.53810635550527,"spoon","p46","thing/object","s15","t46"
-0.931352011979274,-3.31651656330562,"spoon","p46","thing/object","s13","t46"
-0.721488021243139,-4.01932432974011,"spoon","p46","thing/object","s14","t46"
-0.440436343983134,-3.95453557138567,"spoon","p46","thing/object","s27","t46"
-1.00896117500772,-3.25946291383975,"spoon","p46","thing/object","s26","t46"
2.81271556155338,-1.20622861570226,"stone-rock","p0","thing/object","s1","t59"
0.642375484703538,-3.63446747736361,"stone-rock","p0","thing/object","s2","t59"
0.282411869057,-3.01409101714652,"stone-rock","p0","thing/object","s3","t59"
0.158949176719214,-3.03028810745886,"stone-rock","p0","thing/object","s4","t59"
1.65415402656532,-1.4151038586526,"stone-rock","p0","thing/object","s5","t59"
-0.175153050644372,-0.114620761199876,"stone-rock","p14","thing/object","s1","t41"
1.10061171884804,1.9950993947486,"stone-rock","p62","thing/object","s2","t45"
0.023273834101892,-2.63895329885545,"stone-rock","p37","thing/object","s1","t27"
-0.233612037098991,-2.5549131665516,"stone-rock","p37","thing/object","s2","t27"
0.0812232427794773,-3.00220137135124,"stone-rock","p37","thing/object","s3","t27"
2.81565908738663,-1.08066540232729,"stone-rock","p37","thing/object","s4","t27"
2.91538148288799,-1.18131461566476,"stone-rock","p37","thing/object","s5","t27"
2.88875947019999,-1.07273380383742,"stone-rock","p37","thing/object","s6","t27"
0.133902189506453,3.55079604794703,"stone-rock","p76","thing/object","s5","t35"
-0.0513790979743035,3.7814491296538,"stone-rock","p76","thing/object","s6","t35"
-0.0586951595834082,3.83256942059475,"stone-rock","p76","thing/object","s7","t35"
0.186894585060789,-3.42034247224524,"stone-rock","p62","thing/object","s3","t45"
1.79547778259401,1.28215767528557,"stone-rock","p62","thing/object","s4","t45"
1.14116226896673,2.0050855549427,"stone-rock","p62","thing/object","s1","t45"
2.64005460847588,-1.10020960751316,"stone-rock","p62","thing/object","s6","t45"
1.79271990713064,1.12350929952032,"stone-rock","p62","thing/object","s7","t45"
-0.0100173560438854,3.73331515993191,"stone-rock","p76","thing/object","s4","t35"
-0.0900949125422776,-3.39156386281942,"stone-rock","p62","thing/object","s5","t45"
-0.876323704199051,-3.88198329992889,"stone-rock","p54","thing/object","s1","t31"
-0.698757159561188,-0.925042731287879,"stone-rock","p76","thing/object","s1","t35"
0.0181840255964849,3.72654297318517,"stone-rock","p76","thing/object","s3","t35"
1.64462747577682,-1.30771329284712,"stone-rock","p76","thing/object","s2","t35"
